<?xml version="1.0" encoding="UTF-8" standalone="yes"?>
<addon id="repository.sportplay" name="SportPlay Repository" version="1.0.0" provider-name="M4T">
  <requires>
    <import addon="xbmc.addon" version="12.0.0"/>
  </requires>
  <extension point="xbmc.addon.repository" name="SportPlay Repository">
    <dir minversion="19.0.0">
      <info compressed="false">https://m4t-r.github.io/Sportplay/addons.xml</info>
      <checksum>https://m4t-r.github.io/Sportplay/addons.xml.md5</checksum>
      <datadir zip="true">https://m4t-r.github.io/Sportplay/zips/</datadir>
    </dir>
  </extension>
  <extension point="xbmc.addon.metadata">
    <summary lang="fr">Dépôt officiel SportPlay</summary>
    <description lang="fr">Dépôt officiel SportPlay. Streaming sportif via debrideurs.</description>
    <platform>all</platform>
    <assets><icon>icon.png</icon></assets>
  </extension>
</addon>
