<?xml version="1.0" encoding="UTF-8" standalone="yes"?>
<addon id="plugin.video.sportplay" name="SportPlay" version="2.2.5" provider-name="M4T">
  <requires>
    <import addon="xbmc.python" version="3.0.0"/>
    <import addon="script.module.requests" version="2.12.4"/>
  </requires>
  <extension point="xbmc.python.pluginsource" library="main.py">
    <provides>video</provides>
  </extension>
  <extension point="xbmc.service" library="updater.py" start="startup"/>
  <extension point="xbmc.addon.metadata">
    <summary lang="fr">SportPlay - Streaming Sport</summary>
    <description lang="fr">Streaming sportif via debrideurs. Football, NBA, MMA, Sports Mecaniques, Tennis, Rugby, NFL, Cyclisme.</description>
    <platform>all</platform>
    <assets><icon>icon.png</icon><fanart>fanart.jpg</fanart></assets>
  </extension>
</addon>
